,glob_loss,glob_acc,local_loss,local_acc
0,2.4974001646041875,11.560000000000002,"[2.493762254714966, 2.4819114208221436, 2.511317253112793, 2.4988961219787598, 2.4990150928497314, 2.497459888458252, 2.500854015350342, 2.4995763301849365, 2.5048890113830566, 2.4863202571868896]","[12.7, 11.2, 11.2, 11.1, 11.2, 12.1, 12.0, 11.4, 12.3, 10.4]"
1,1.7681035518646242,32.89,"[1.768882393836975, 1.7556049823760986, 1.758829116821289, 1.760250449180603, 1.741384506225586, 1.77975332736969, 1.7933605909347534, 1.7814453840255737, 1.7792688608169556, 1.7622559070587158]","[34.4, 34.7, 31.4, 34.7, 32.6, 30.7, 31.7, 33.6, 32.9, 32.2]"
2,1.5426435589790344,40.370000000000005,"[1.5408679246902466, 1.5364861488342285, 1.5261023044586182, 1.5299174785614014, 1.5349388122558594, 1.5482704639434814, 1.552636742591858, 1.5684479475021362, 1.5567131042480469, 1.5320546627044678]","[40.7, 40.7, 39.5, 43.6, 41.2, 38.8, 38.3, 40.2, 39.9, 40.8]"
3,1.3234432697296146,44.85,"[1.3282376527786255, 1.3263105154037476, 1.291628360748291, 1.317958116531372, 1.3076261281967163, 1.3136463165283203, 1.337903380393982, 1.3557170629501343, 1.3337020874023438, 1.3217030763626099]","[46.3, 46.7, 45.1, 46.7, 44.9, 41.5, 42.7, 45.3, 44.3, 45.0]"
4,1.082090723514557,47.43000000000001,"[1.083666205406189, 1.0901223421096802, 1.0623483657836914, 1.0695937871932983, 1.0572046041488647, 1.0957564115524292, 1.0921610593795776, 1.1190983057022095, 1.0787384510040283, 1.0722177028656006]","[48.9, 47.3, 49.1, 47.5, 49.5, 45.0, 46.1, 47.7, 46.1, 47.1]"
5,0.8776012182235717,47.85,"[0.864703357219696, 0.8549180030822754, 0.8620598912239075, 0.8797973990440369, 0.8712741732597351, 0.8828092813491821, 0.8836327791213989, 0.9254909753799438, 0.8717940449714661, 0.8795322775840759]","[49.1, 47.3, 47.5, 48.7, 47.7, 47.1, 46.2, 49.4, 47.0, 48.5]"
6,0.659114271402359,48.45,"[0.6430758833885193, 0.6264678239822388, 0.667385995388031, 0.649563729763031, 0.6433663368225098, 0.6759309768676758, 0.6377445459365845, 0.6842717528343201, 0.6942334771156311, 0.6691021919250488]","[50.8, 48.0, 49.0, 48.4, 48.1, 46.2, 47.9, 50.8, 48.4, 46.9]"
7,0.49974799752235416,48.220000000000006,"[0.5106829404830933, 0.5072831511497498, 0.49005547165870667, 0.4829781949520111, 0.4669334590435028, 0.5021861791610718, 0.4976319968700409, 0.5395172238349915, 0.5183285474777222, 0.48188281059265137]","[49.8, 48.5, 47.3, 49.9, 50.0, 46.2, 46.4, 48.8, 47.7, 47.6]"
8,0.3643399357795716,48.88000000000002,"[0.365328848361969, 0.34361395239830017, 0.3303465247154236, 0.3363909423351288, 0.3518998920917511, 0.39350226521492004, 0.3707885444164276, 0.39488622546195984, 0.38949915766716003, 0.36714300513267517]","[48.7, 48.7, 49.6, 49.6, 50.2, 49.2, 47.2, 50.9, 47.7, 47.0]"
9,0.26729039251804354,48.14,"[0.26077792048454285, 0.2760556638240814, 0.24844692647457123, 0.24184434115886688, 0.27172574400901794, 0.26994824409484863, 0.2747980058193207, 0.30177783966064453, 0.26157331466674805, 0.26595592498779297]","[49.3, 47.0, 49.4, 49.5, 49.1, 46.2, 46.2, 50.8, 48.3, 45.6]"
10,0.19147176295518878,48.95000000000001,"[0.19801154732704163, 0.1757364720106125, 0.18273408710956573, 0.17689256370067596, 0.18573226034641266, 0.2081717699766159, 0.18993881344795227, 0.1947043091058731, 0.2105480283498764, 0.19224777817726135]","[47.3, 49.9, 50.9, 49.7, 50.1, 51.2, 46.7, 49.6, 46.0, 48.1]"
11,0.13934103846549986,48.89,"[0.14217965304851532, 0.1480129212141037, 0.1304963082075119, 0.13817071914672852, 0.131210595369339, 0.14729037880897522, 0.13546444475650787, 0.1448991596698761, 0.14758968353271484, 0.12809652090072632]","[50.6, 46.1, 51.3, 49.3, 48.9, 48.9, 48.2, 49.0, 49.1, 47.5]"
12,0.08729931116104127,48.81000000000001,"[0.0865204930305481, 0.07462981343269348, 0.07689975947141647, 0.09240046888589859, 0.0760723352432251, 0.11015821993350983, 0.0829249918460846, 0.0895586833357811, 0.09878713637590408, 0.08504121005535126]","[49.7, 49.3, 50.4, 49.7, 48.9, 48.3, 47.6, 49.8, 47.0, 47.4]"
13,0.05869365446269513,49.59,"[0.05457165464758873, 0.057634372264146805, 0.05536270886659622, 0.0515538826584816, 0.0510055311024189, 0.0692528635263443, 0.05907701328396797, 0.06063470244407654, 0.06707047671079636, 0.0607733391225338]","[49.5, 50.1, 51.5, 49.5, 50.4, 48.9, 48.2, 50.0, 49.6, 48.2]"
14,0.044775900989770884,48.88,"[0.04626016691327095, 0.03977837786078453, 0.03852741792798042, 0.04597630724310875, 0.04858514294028282, 0.049734748899936676, 0.04495453089475632, 0.04283933714032173, 0.0501299686729908, 0.040973011404275894]","[49.4, 49.6, 51.5, 49.8, 48.3, 48.1, 46.5, 49.4, 47.7, 48.5]"
15,0.031008253805339336,49.11,"[0.02923237718641758, 0.026578599587082863, 0.02523495815694332, 0.025918735191226006, 0.03370269760489464, 0.04388543590903282, 0.02520928718149662, 0.03487623482942581, 0.034103959798812866, 0.03134025260806084]","[49.6, 50.1, 49.8, 47.8, 50.1, 48.9, 47.8, 50.1, 48.2, 48.7]"
16,0.023550355620682244,49.5,"[0.022248094901442528, 0.01797701232135296, 0.02816765569150448, 0.020950114354491234, 0.021362874656915665, 0.027920842170715332, 0.02105526253581047, 0.025689801201224327, 0.023139065131545067, 0.026992833241820335]","[49.2, 49.9, 50.3, 49.5, 51.8, 48.2, 49.0, 49.7, 47.5, 49.9]"
17,0.015749108325690032,49.23,"[0.0157193411141634, 0.01304855477064848, 0.011789518408477306, 0.012932941317558289, 0.013808095827698708, 0.019611502066254616, 0.015207961201667786, 0.02389339543879032, 0.015159419737756252, 0.016320353373885155]","[49.1, 51.7, 51.1, 49.8, 49.0, 47.9, 47.6, 50.0, 48.2, 47.9]"
18,0.013296320009976628,48.92,"[0.01085618045181036, 0.012197266332805157, 0.013759112916886806, 0.012466236017644405, 0.015312989242374897, 0.01609221287071705, 0.011355011723935604, 0.013890000060200691, 0.013727488927543163, 0.013306701555848122]","[47.7, 50.0, 50.0, 50.5, 49.0, 48.1, 46.9, 50.3, 48.6, 48.1]"
19,0.010962808225303888,49.660000000000004,"[0.013458727858960629, 0.010603459551930428, 0.010290316306054592, 0.009512479417026043, 0.0074746208265423775, 0.012665501795709133, 0.010459956713020802, 0.012172105722129345, 0.01033101137727499, 0.012659902684390545]","[49.8, 51.1, 50.8, 49.5, 50.1, 51.1, 46.7, 50.1, 48.5, 48.9]"
20,0.008943498227745296,49.08,"[0.007818092592060566, 0.008430865593254566, 0.008637352846562862, 0.007603653706610203, 0.009591843001544476, 0.007304965052753687, 0.007276871241629124, 0.01397740375250578, 0.012463336810469627, 0.006330597680062056]","[48.2, 50.3, 49.9, 51.2, 50.0, 48.8, 47.4, 49.5, 47.1, 48.4]"
21,0.0058985620504245165,50.010000000000005,"[0.005871177185326815, 0.006819327361881733, 0.005685481708496809, 0.0036595941055566072, 0.005509813781827688, 0.005981378257274628, 0.0061968169175088406, 0.004934938624501228, 0.0077487207017838955, 0.006578371860086918]","[49.7, 51.2, 50.5, 49.8, 50.3, 50.5, 48.4, 50.6, 50.0, 49.1]"
22,0.005494682397693396,49.43000000000001,"[0.006697946693748236, 0.0060926880687475204, 0.0050895134918391705, 0.004447138402611017, 0.005561275407671928, 0.006581957917660475, 0.005052703898400068, 0.005968972574919462, 0.0051865652203559875, 0.004268062300980091]","[49.2, 50.4, 51.1, 50.9, 49.3, 49.6, 48.6, 49.1, 49.3, 46.8]"
23,0.0051136203343048695,49.45000000000001,"[0.0036514184903353453, 0.0045013162307441235, 0.004121182020753622, 0.006393654737621546, 0.004872834775596857, 0.0068968781270086765, 0.0039691743440926075, 0.005599744152277708, 0.005207098554819822, 0.005922901909798384]","[48.6, 49.4, 50.9, 50.3, 50.5, 48.5, 49.4, 48.5, 49.1, 49.3]"
24,0.004384950269013644,49.620000000000005,"[0.004623568616807461, 0.004319708328694105, 0.004521224182099104, 0.0036720656789839268, 0.0036524205934256315, 0.00569399306550622, 0.004313094075769186, 0.005326567683368921, 0.004223550204187632, 0.0035033102612942457]","[50.0, 48.9, 50.6, 51.5, 50.3, 49.2, 48.9, 49.6, 48.2, 49.0]"
25,0.003722591488622129,48.959999999999994,"[0.0033093232195824385, 0.004103145562112331, 0.003698169020935893, 0.0037792210932821035, 0.0039780521765351295, 0.003974305000156164, 0.004433856811374426, 0.003059649607166648, 0.0028743825387209654, 0.00401580985635519]","[48.5, 47.4, 49.7, 50.9, 49.0, 48.4, 49.0, 49.7, 49.0, 48.0]"
26,0.003486536676064134,49.410000000000004,"[0.004001724999397993, 0.002453118097037077, 0.004388110246509314, 0.004890269134193659, 0.0028169171418994665, 0.004177449736744165, 0.0026803261134773493, 0.003360487287864089, 0.003384143114089966, 0.002712820889428258]","[48.0, 47.4, 50.2, 52.4, 50.5, 49.6, 48.9, 49.8, 49.4, 47.9]"
27,0.002966663718689233,49.69000000000001,"[0.0035972127225250006, 0.0022814881522208452, 0.002971227513626218, 0.002547363517805934, 0.0022350791841745377, 0.005352469626814127, 0.0016701336717233062, 0.0037807077169418335, 0.002371488604694605, 0.002859466476365924]","[47.8, 50.2, 50.0, 50.8, 50.6, 48.8, 48.7, 50.5, 49.8, 49.7]"
28,0.0024703029659576717,49.31,"[0.0024307314306497574, 0.0018177892779931426, 0.0018676714971661568, 0.002037281868979335, 0.0026754382997751236, 0.0040858737193048, 0.0023970676120370626, 0.0022608928848057985, 0.0028852929826825857, 0.002244990086182952]","[49.2, 48.2, 49.3, 51.3, 50.4, 49.1, 48.6, 50.2, 48.6, 48.2]"
29,0.0018999793333932759,49.190000000000005,"[0.0019752157386392355, 0.0016279126284644008, 0.0016249811742454767, 0.0020820966456085443, 0.0019982217345386744, 0.001775978016667068, 0.0018306252313777804, 0.002452429151162505, 0.0015724875265732408, 0.0020598454866558313]","[49.1, 49.3, 49.9, 49.9, 50.0, 48.7, 47.6, 50.0, 48.6, 48.8]"
30,0.002010589721612632,50.03,"[0.0030359169468283653, 0.001858934760093689, 0.0023342855274677277, 0.0029089641757309437, 0.0014276922447606921, 0.0014541095588356256, 0.001183419255539775, 0.0017047105357050896, 0.001494570286013186, 0.002703293925151229]","[50.6, 50.4, 50.1, 49.6, 50.7, 50.8, 48.6, 51.3, 49.1, 49.1]"
31,0.0017175464308820667,50.10000000000001,"[0.0017578470287844539, 0.0012321677058935165, 0.0017373039154335856, 0.0025096810422837734, 0.0016264747828245163, 0.0013686660677194595, 0.00183015875518322, 0.001691419049166143, 0.0015868203481659293, 0.0018349256133660674]","[50.4, 49.0, 49.2, 49.6, 52.2, 50.7, 50.8, 48.5, 50.6, 50.0]"
32,0.0016446459922008216,49.410000000000004,"[0.002095203148201108, 0.0019957402255386114, 0.0016563637182116508, 0.0016295332461595535, 0.0013701472198590636, 0.001916636130772531, 0.0009839102858677506, 0.0015392753994092345, 0.0017665999475866556, 0.0014930506004020572]","[50.7, 49.4, 49.6, 48.9, 50.4, 50.3, 47.7, 50.1, 49.6, 47.4]"
33,0.0014894935593474654,50.080000000000005,"[0.0015442086150869727, 0.0014508413150906563, 0.003568783402442932, 0.0013246338348835707, 0.0007698932313360274, 0.0013519241474568844, 0.0009569205576553941, 0.0017753845313563943, 0.0008952156640589237, 0.0012571302941069007]","[49.7, 49.8, 50.7, 50.7, 51.3, 50.3, 49.8, 49.3, 50.4, 48.8]"
34,0.0015869947907049208,50.11,"[0.0010343127651140094, 0.00151693110819906, 0.002295318292453885, 0.001982436515390873, 0.0013167877914384007, 0.0026654971297830343, 0.0009750971803441644, 0.0018178003374487162, 0.0009284375119023025, 0.0013373292749747634]","[50.0, 51.9, 50.5, 49.6, 51.4, 50.6, 47.9, 50.9, 50.1, 48.2]"
35,0.001335069938795641,49.57000000000001,"[0.0008971604402177036, 0.00126354128587991, 0.0013846488436684012, 0.001042175106704235, 0.0019692599307745695, 0.0017511136829853058, 0.0009967148071154952, 0.0014626836637035012, 0.0012837968533858657, 0.0012996047735214233]","[48.6, 49.7, 50.1, 50.3, 49.8, 49.3, 49.6, 51.1, 49.6, 47.6]"
36,0.0009697304340079426,50.18000000000001,"[0.000845358707010746, 0.001070119091309607, 0.0006870172801427543, 0.0010591669706627727, 0.0011929608881473541, 0.001286139595322311, 0.0007813101983629167, 0.0013861944898962975, 0.0005478159873746336, 0.000841221131850034]","[50.0, 50.9, 51.6, 50.4, 50.4, 50.2, 49.3, 49.5, 50.2, 49.3]"
37,0.0008731911366339774,50.120000000000005,"[0.0006704236730001867, 0.0012326776050031185, 0.0007635463261976838, 0.000883418892044574, 0.0009735586936585605, 0.0009728804579935968, 0.0008321931818500161, 0.0010123394895344973, 0.0007491002324968576, 0.0006417728145606816]","[50.2, 49.9, 51.4, 50.5, 51.2, 50.7, 48.8, 49.6, 49.8, 49.1]"
38,0.000846577124320902,50.11,"[0.0009403779986314476, 0.0006962204934097826, 0.0008889515302143991, 0.00046994895092211664, 0.0008562071598134935, 0.0015405819285660982, 0.0004677093238569796, 0.0009064318728633225, 0.000739542709197849, 0.0009597992757335305]","[49.9, 51.3, 50.0, 50.6, 50.9, 51.3, 50.1, 49.6, 49.7, 47.7]"
39,0.0008788153296336532,50.23,"[0.0007241002167575061, 0.0008181395241990685, 0.0010808947263285518, 0.0008532893843948841, 0.0007580293458886445, 0.0007835812866687775, 0.0006946204812265933, 0.0014586368342861533, 0.0005052589694969356, 0.001111602527089417]","[49.2, 50.5, 50.5, 52.7, 50.5, 50.5, 50.3, 49.4, 50.4, 48.3]"
40,0.0006735102972015739,50.06,"[0.0007080501527525485, 0.0007473919540643692, 0.0005041983677074313, 0.0007848096429370344, 0.0005735091399401426, 0.0007531012524850667, 0.0005557862459681928, 0.0006397436372935772, 0.0008668051450513303, 0.0006017074338160455]","[47.6, 49.6, 52.0, 51.3, 50.1, 50.2, 48.8, 50.6, 51.4, 49.0]"
41,0.0009640924487030134,49.86000000000001,"[0.000840489927213639, 0.0017024007393047214, 0.0005237167933955789, 0.0015229849377647042, 0.0007123313844203949, 0.0016253050416707993, 0.0005690913530997932, 0.00046823397860862315, 0.000843697227537632, 0.0008326731040142477]","[49.2, 50.1, 49.8, 50.8, 51.7, 48.8, 49.8, 49.8, 49.8, 48.8]"
42,0.0006013061502017081,50.38,"[0.0003955471911467612, 0.0008649618248455226, 0.0004080928338225931, 0.0005637983558699489, 0.0005464284913614392, 0.0010243435390293598, 0.0005022149416618049, 0.0004619044775608927, 0.0005537439719773829, 0.0006920258747413754]","[48.8, 49.7, 50.4, 51.2, 52.1, 50.9, 49.0, 50.6, 50.8, 50.3]"
43,0.0005385185999330134,50.080000000000005,"[0.0003951607213821262, 0.0004599129897542298, 0.0004065296670887619, 0.0003726789727807045, 0.0005271224654279649, 0.0007587365689687431, 0.0005560187855735421, 0.0003950070240534842, 0.0010231944033876061, 0.0004908244009129703]","[49.6, 50.1, 49.7, 51.4, 51.7, 50.4, 49.2, 50.5, 50.3, 47.9]"
44,0.0007264943094924093,50.25,"[0.0007553433533757925, 0.00041413793223910034, 0.00037794921081513166, 0.0004356048011686653, 0.0005253259441815317, 0.0016936678439378738, 0.0004429002001415938, 0.0004440878692548722, 0.0012254558969289064, 0.0009504700428806245]","[49.5, 50.2, 50.4, 51.0, 51.4, 51.1, 50.0, 50.7, 48.4, 49.8]"
45,0.0005327185324858876,50.34,"[0.00033090042416006327, 0.00046237846254371107, 0.0003954402345698327, 0.000453049287898466, 0.0007991098682396114, 0.0011911171022802591, 0.00037928702658973634, 0.0005500163533724844, 0.00040502785122953355, 0.0003608587139751762]","[50.1, 49.7, 51.7, 50.5, 51.4, 50.6, 50.0, 49.3, 50.9, 49.2]"
46,0.00048751386639196427,50.28000000000001,"[0.00037965396768413484, 0.00039627315709367394, 0.0005558702978305519, 0.0007560916128568351, 0.0003656709741335362, 0.0007515024626627564, 0.00048439326928928494, 0.000479239592095837, 0.00037257172516547143, 0.00033387160510756075]","[49.3, 50.4, 51.1, 49.7, 50.6, 52.3, 49.4, 50.6, 49.9, 49.5]"
47,0.0005533723247935996,49.76,"[0.0005250133690424263, 0.0003094967105425894, 0.0003278318326920271, 0.0004755694535560906, 0.0003181730571668595, 0.0006844736635684967, 0.0005080745322629809, 0.0011916289804503322, 0.000522194430232048, 0.0006712672184221447]","[48.6, 50.7, 51.6, 50.0, 50.3, 50.4, 50.0, 49.9, 48.3, 47.8]"
48,0.0005887665727641434,50.550000000000004,"[0.0004468894621822983, 0.00039222356281243265, 0.0005649991217069328, 0.0003248299763072282, 0.0005627789068967104, 0.00055437016999349, 0.0008348135161213577, 0.0009203050285577774, 0.000478352332720533, 0.0008081036503426731]","[50.4, 50.5, 51.8, 53.7, 51.0, 50.6, 48.3, 50.5, 49.3, 49.4]"
49,0.0006983788363868371,49.86000000000001,"[0.00043875264236703515, 0.00041539661469869316, 0.0007441330817528069, 0.0005046954611316323, 0.0003154086589347571, 0.0004379932943265885, 0.0004290047218091786, 0.001632786588743329, 0.0009429705678485334, 0.0011226467322558165]","[48.8, 50.6, 51.2, 51.1, 50.4, 49.3, 49.8, 49.8, 49.4, 48.2]"
50,0.00044944097171537576,50.41000000000001,"[0.0003817211836576462, 0.00047535114572383463, 0.0006982213817536831, 0.00043427618220448494, 0.0003349494654685259, 0.0003683936665765941, 0.0002835425257217139, 0.0005035886424593627, 0.00045444327406585217, 0.0005599222495220602]","[51.2, 52.7, 50.5, 50.9, 49.6, 49.7, 49.5, 51.7, 49.1, 49.2]"
51,0.0005838534212671222,49.96000000000001,"[0.0012014225358143449, 0.0006434863898903131, 0.0009220881620422006, 0.00024301116354763508, 0.00033297613845206797, 0.0005391656304709613, 0.0004245574527885765, 0.000528114615008235, 0.0006806212477385998, 0.0003230908769182861]","[50.0, 50.4, 50.6, 51.6, 50.0, 50.9, 47.9, 50.9, 48.8, 48.5]"
52,0.0005576541618211195,50.47,"[0.0003324300341773778, 0.00038738365401513875, 0.0004693653609137982, 0.00039785317494533956, 0.00037032272666692734, 0.0012157479068264365, 0.0004043211811222136, 0.0005667385412380099, 0.0009928335202857852, 0.00043954551802016795]","[51.5, 49.4, 49.9, 52.8, 51.1, 50.9, 49.3, 51.2, 48.5, 50.1]"
53,0.00046643371460959316,50.49,"[0.00033727430854924023, 0.00047129904851317406, 0.00028777183615602553, 0.0002750381245277822, 0.0005727828829549253, 0.0004307404742576182, 0.00041735233389772475, 0.00034780753776431084, 0.0010468106484040618, 0.00047745995107106864]","[50.5, 51.0, 50.2, 50.8, 51.8, 51.2, 49.9, 50.7, 50.0, 48.8]"
54,0.0005878729221876712,50.25,"[0.0007697322289459407, 0.0016126420814543962, 0.0003819107951130718, 0.00042942832806147635, 0.00035847685649059713, 0.0004985914565622807, 0.0005560331046581268, 0.0005986406467854977, 0.0003419583081267774, 0.00033131541567854583]","[50.4, 50.7, 50.2, 52.1, 50.1, 50.2, 49.2, 50.9, 48.9, 49.8]"
55,0.0003092061655479483,49.92,"[0.00022851878020446748, 0.0005023801932111382, 0.00022482126951217651, 0.0002766873803921044, 0.0004653891082853079, 0.00026324932696297765, 0.0002710828266572207, 0.0003631313156802207, 0.00023856203188188374, 0.00025823942269198596]","[48.5, 50.2, 50.2, 51.9, 50.4, 50.2, 49.0, 50.7, 49.9, 48.2]"
56,0.0005598942283540964,50.44,"[0.0020184055902063847, 0.00030926894396543503, 0.00043783197179436684, 0.00026815268211066723, 0.0002836786734405905, 0.0004639284161385149, 0.0003149868280161172, 0.0005216713179834187, 0.00040117415483109653, 0.0005798437050543725]","[49.5, 50.8, 50.7, 51.3, 51.9, 50.8, 49.1, 51.4, 49.1, 49.8]"
57,0.00033099063439294695,50.10000000000001,"[0.00023364045773632824, 0.0003185223031323403, 0.0003615663736127317, 0.000325710978358984, 0.0004529573197942227, 0.0005354512832127512, 0.00020928595040459186, 0.00038977566873654723, 0.0002616455021779984, 0.00022135050676297396]","[48.9, 50.5, 52.1, 51.2, 49.5, 51.4, 49.5, 51.3, 48.0, 48.6]"
58,0.0002839390930603258,50.230000000000004,"[0.00027977462741546333, 0.0002448724990244955, 0.0002182867465307936, 0.00023117991804610938, 0.0003632549778558314, 0.00033329581492580473, 0.00021609108080156147, 0.00033975770929828286, 0.00017746460798662156, 0.0004354129487182945]","[49.1, 51.2, 50.5, 53.2, 51.2, 50.9, 47.8, 49.6, 49.6, 49.2]"
59,0.0003413626138353721,50.13,"[0.00022548895503859967, 0.00030857775709591806, 0.00038902676897123456, 0.00018222325888928026, 0.0003568312095012516, 0.0003387144533917308, 0.0005089923506602645, 0.0003594200243242085, 0.00022669811733067036, 0.000517653243150562]","[49.4, 50.3, 53.3, 51.3, 50.4, 48.9, 50.8, 49.6, 48.5, 48.8]"
60,0.0004411109606735408,50.230000000000004,"[0.0002125025785062462, 0.0012907081982120872, 0.00018911671941168606, 0.000430526357376948, 0.00028796549304388463, 0.0003454861871432513, 0.00028750658384524286, 0.000287439877865836, 0.00031136456527747214, 0.0007684930460527539]","[49.1, 50.5, 50.9, 51.3, 51.2, 50.8, 49.4, 49.8, 48.7, 50.6]"
61,0.0004107250744709745,50.51,"[0.000309832306811586, 0.00024068755737971514, 0.0004553055332507938, 0.00027487677289173007, 0.0003107896482106298, 0.00040975818410515785, 0.0006055327248759568, 0.0009902099845930934, 0.0002835744235198945, 0.00022668360907118767]","[49.6, 51.7, 50.2, 52.9, 51.2, 53.0, 50.5, 48.3, 48.3, 49.4]"
62,0.00042824364645639436,50.38000000000001,"[0.0002764693053904921, 0.0004041898937430233, 0.00021981373720336705, 0.0002065730805043131, 0.0004138830990996212, 0.0003998296451754868, 0.0002841193927451968, 0.0005115076783113182, 0.001049140701070428, 0.0005169099313206971]","[50.0, 50.7, 50.1, 52.6, 50.5, 51.3, 50.0, 50.2, 49.3, 49.1]"
63,0.00044338580773910506,50.7,"[0.0002348638663534075, 0.0007167017902247608, 0.00032521248795092106, 0.0003533944836817682, 0.00101256906054914, 0.00035690382355824113, 0.0003460243751760572, 0.00022530900605488569, 0.0005207877256907523, 0.00034209145815111697]","[49.9, 51.4, 51.1, 52.1, 52.0, 51.8, 51.1, 48.4, 49.4, 49.8]"
64,0.0002984114646096714,50.38000000000001,"[0.00038964752457104623, 0.00013323116581887007, 0.00035571763874031603, 0.00042224908247590065, 0.00021229012054391205, 0.0001615050423424691, 0.00017905251297634095, 0.0003127013915218413, 0.0004263638984411955, 0.000391356268664822]","[49.9, 51.9, 50.9, 50.6, 51.4, 50.2, 49.3, 49.5, 49.8, 50.3]"
65,0.0003255029529100284,50.04000000000001,"[0.0002636676072143018, 0.00019540428183972836, 0.00014826416736468673, 0.00030664115911349654, 0.00045055491500534117, 0.00028958774055354297, 0.0002698931784834713, 0.0005560608115047216, 0.0004768914950545877, 0.00029806417296640575]","[49.6, 51.1, 48.5, 50.3, 50.4, 50.1, 50.8, 50.2, 49.5, 49.9]"
66,0.00027784216654254125,50.33000000000001,"[0.00038698577554896474, 0.00023390604474116117, 0.00017284239584114403, 0.00033183369669131935, 0.00015831510245334357, 0.00022957814508117735, 0.00012777026859112084, 0.0005638201255351305, 0.0003209209244232625, 0.00025244918651878834]","[48.7, 50.7, 51.2, 50.0, 50.8, 49.2, 49.2, 51.3, 50.6, 51.6]"
67,0.00028547538240673024,50.63,"[0.0004030434356536716, 0.000195911547052674, 0.000261450360994786, 0.0003554145514499396, 0.00020105717703700066, 0.0003010330256074667, 0.00015768226876389235, 0.0005084515432827175, 0.0002671291586011648, 0.0002035807556239888]","[51.5, 51.4, 49.4, 52.7, 50.2, 50.7, 50.6, 50.3, 49.3, 50.2]"
68,0.00029525742284022274,50.660000000000004,"[0.00023306971706915647, 0.00015451436047442257, 0.0002745435922406614, 0.0002628461515996605, 0.0002996544062625617, 0.00036744115641340613, 0.0005660498281940818, 0.00015792703197803348, 0.00023778248578310013, 0.000398745498387143]","[50.0, 52.0, 51.1, 50.9, 50.8, 50.7, 51.0, 48.9, 51.0, 50.2]"
69,0.0004605632988386788,50.81,"[0.00023159236297942698, 0.00026512041222304106, 0.00032789725810289383, 0.0002537906402722001, 0.001587686943821609, 0.000570555217564106, 0.0001514787581982091, 0.00039835329516790807, 0.0005173702375032008, 0.00030178786255419254]","[51.6, 51.7, 50.3, 50.3, 51.6, 50.8, 50.2, 51.5, 50.7, 49.4]"
70,0.00024231921270256862,51.290000000000006,"[0.0001431359414709732, 0.00013166222197469324, 0.0002939337573479861, 0.00017102761194109917, 0.00034585612593218684, 0.00025861329049803317, 0.0001552523608552292, 0.00020399133791215718, 0.00027191461413167417, 0.00044780486496165395]","[51.7, 52.2, 51.1, 50.6, 51.1, 51.3, 50.6, 51.0, 51.7, 51.6]"
71,0.000198846487182891,50.64,"[0.000253869075095281, 0.00013699200644623488, 0.00016152960597537458, 0.00033507830812595785, 0.00017312895215582103, 0.00022608964354731143, 0.0001646139717195183, 0.0001330370141658932, 0.00010033332364400849, 0.0003037929709535092]","[51.1, 50.1, 50.3, 51.0, 51.7, 51.0, 50.5, 50.5, 50.4, 49.8]"
72,0.0001953929982846603,50.56,"[0.00016115511243697256, 0.0001978349609998986, 0.00016503104416187853, 0.0002678589371498674, 0.000155484231072478, 0.00011951289343414828, 0.0003080632886849344, 0.00019020342733711004, 0.00012128955131629482, 0.00026749653625302017]","[51.0, 49.8, 49.0, 51.8, 53.1, 50.4, 51.0, 50.0, 50.9, 48.6]"
73,0.00018399145192233844,51.239999999999995,"[0.0001490703143645078, 0.00022222519328352064, 0.00014639319851994514, 0.00017298194870818406, 0.000179846232640557, 0.00015425332821905613, 0.00027719870558939874, 0.0002319355116924271, 0.00017044137348420918, 0.00013556871272157878]","[53.5, 51.3, 51.2, 52.2, 51.1, 51.8, 50.5, 49.1, 51.4, 50.3]"
74,0.00025562339287716896,51.04,"[0.0002937892568297684, 0.00041624909499660134, 0.00013844405475538224, 0.00021774419292341918, 0.0003046091296710074, 0.00032121603726409376, 0.00014735519653186202, 0.00018216991156805307, 0.00030062947189435363, 0.0002340275823371485]","[50.9, 49.8, 50.6, 52.0, 52.3, 51.3, 52.3, 49.1, 52.1, 50.0]"
75,0.00029412648291327065,51.42,"[0.00036009616451337934, 0.0001723343157209456, 0.0002466749574523419, 0.0006813087966293097, 0.0002323231747141108, 0.0005566118634305894, 0.00016962991503532976, 0.0001759245351422578, 0.0001368063094560057, 0.00020955479703843594]","[52.6, 51.2, 51.9, 52.5, 53.1, 52.1, 50.7, 48.9, 50.3, 50.9]"
76,0.0001784613654308487,51.260000000000005,"[0.00011391624866519123, 0.00020961750124115497, 0.0002479828835930675, 0.0001699845597613603, 0.00011163784802192822, 0.00017269622185267508, 0.0001697000116109848, 0.000190738050150685, 0.00016685057198628783, 0.00023148975742515177]","[53.0, 49.6, 50.0, 52.1, 52.0, 52.3, 52.1, 51.0, 50.2, 50.3]"
77,0.0002111904206685722,51.39,"[0.00010131276212632656, 0.0001943346142070368, 0.0003435454855207354, 0.00017727371596265584, 0.00019021445768885314, 0.00034132448490709066, 0.0002284850925207138, 0.00019950252317357808, 0.00015064809122122824, 0.00018526297935750335]","[53.5, 50.4, 52.5, 51.4, 52.2, 51.5, 52.2, 51.0, 49.9, 49.3]"
78,0.00017764357471605768,51.46,"[0.00010251411003991961, 0.00023066029825713485, 0.00019173731561750174, 0.00015102421457413584, 0.0001943268143804744, 0.00018134310084860772, 0.00021376680524554104, 0.00011025772255379707, 0.0002462879929225892, 0.00015451737272087485]","[54.1, 52.4, 52.3, 51.3, 51.8, 52.9, 51.2, 51.4, 48.6, 48.6]"
79,0.00020159298728685828,50.99000000000001,"[0.0001561303506605327, 0.00016863351629581302, 0.00015704729594290257, 0.00021435858798213303, 0.00013066701649222523, 0.0002827945863828063, 0.00014696024300064892, 0.0002851598255801946, 0.0001999188243644312, 0.00027425962616689503]","[51.5, 50.7, 51.0, 51.2, 51.7, 51.5, 51.3, 50.3, 49.0, 51.7]"
80,0.0002233691600849852,51.230000000000004,"[0.00014011573512107134, 0.00040249471203424037, 0.00019293632067274302, 0.0001978677901206538, 0.00029587186872959137, 0.0001671237259870395, 0.0002947578323073685, 0.0001554496120661497, 0.00014320726040750742, 0.0002438667434034869]","[53.2, 51.3, 51.7, 51.1, 50.8, 53.4, 50.6, 49.5, 48.8, 51.9]"
81,0.00022205440545803868,50.64999999999999,"[0.00010782101890072227, 0.00023167626932263374, 8.114639058476314e-05, 0.0002938257239293307, 0.00016537429473828524, 0.0005741781205870211, 0.00015629168774466962, 0.00017284780915360898, 0.00017774740990716964, 0.0002596353297121823]","[52.5, 50.0, 50.7, 50.0, 50.8, 52.7, 51.0, 49.1, 49.4, 50.3]"
82,0.000260987228830345,50.31,"[0.0002337784244446084, 0.00015066789637785405, 0.0002499223337508738, 0.0002723824873100966, 0.00015019747661426663, 0.00012862715811934322, 0.00015342194819822907, 0.0002465842990204692, 0.0008309070253744721, 0.00019338323909323663]","[51.3, 50.6, 50.5, 51.3, 51.3, 51.6, 48.6, 49.4, 49.2, 49.3]"
83,0.0003023230106919073,50.5,"[0.0002140563738066703, 0.00047291922965086997, 0.00020745574147440493, 0.00035452083102427423, 0.00026442683883942664, 0.00023270030214916915, 0.0002074649091809988, 0.00033997526043094695, 0.0004408720997162163, 0.0002888385206460953]","[50.8, 50.6, 51.1, 51.5, 50.0, 53.5, 50.2, 49.7, 48.2, 49.4]"
84,0.0001947227188793477,50.95,"[0.0001587299193488434, 0.0002122105797752738, 0.00015248301497194916, 0.00026383966905996203, 0.00019444541248958558, 0.00035049105645157397, 0.0001818247837945819, 0.00020569810294546187, 0.00013051321730017662, 9.699143265606835e-05]","[51.1, 51.4, 50.7, 52.0, 51.5, 53.6, 48.9, 49.4, 50.4, 50.5]"
85,0.000359576748451218,50.96,"[0.00024883923470042646, 0.00017065013526007533, 0.0006241512601263821, 0.00024326203856617212, 0.0002501757990103215, 0.00018480734433978796, 0.0007167106377892196, 0.0003224381653126329, 0.0002713515132199973, 0.0005633813561871648]","[51.0, 50.5, 50.7, 52.3, 50.9, 52.4, 51.5, 49.7, 49.3, 51.3]"
86,0.00017650159788900057,51.02000000000001,"[0.0001233552029589191, 0.00018839315453078598, 0.00012573359708767384, 0.0001926100521814078, 0.0003345820296090096, 0.00020203330495860428, 0.00015573963173665106, 0.00023666508786845952, 9.910122025758028e-05, 0.000106802697700914]","[51.9, 49.1, 50.4, 51.9, 50.8, 51.9, 51.7, 50.5, 50.8, 51.2]"
87,0.0001455180434277281,50.97,"[0.00018678123888093978, 0.0001675323146628216, 0.00010528921120567247, 0.00010688018664950505, 0.00013274396769702435, 0.0001504623651271686, 0.00016936285828705877, 0.00020237900025676936, 0.00014150096103549004, 9.224833047483116e-05]","[51.3, 51.2, 51.3, 51.2, 51.6, 52.5, 51.2, 50.1, 49.7, 49.6]"
88,0.0003054504602914676,50.64,"[0.00020535945077426732, 0.00021014428057242185, 0.00017040064267348498, 0.00028445510542951524, 0.00015297644131351262, 0.00022600885131396353, 0.0007187668816186488, 0.0006570780533365905, 0.00030671324930153787, 0.00012260164658073336]","[51.3, 49.8, 50.6, 50.5, 51.7, 50.7, 50.7, 50.2, 50.8, 50.1]"
89,0.00025858498847810554,51.27,"[0.0001439772022422403, 0.0004233976360410452, 0.0001747825153870508, 0.00034976491588167846, 0.0001851874403655529, 0.0002009699383052066, 0.0001711955264909193, 0.00026021062512882054, 0.00042392296018078923, 0.0002524411247577518]","[52.2, 52.4, 51.7, 50.1, 51.3, 50.9, 51.4, 50.3, 51.7, 50.7]"
90,0.00015174584186752326,50.83,"[0.00016280745330732316, 0.0001102472233469598, 0.00016862440679688007, 0.00018691230798140168, 0.0001604966091690585, 0.00011808620911324397, 0.0001094689141609706, 0.00018130459648091346, 0.00015230006829369813, 0.0001672106300247833]","[50.4, 50.4, 50.3, 50.7, 52.2, 52.2, 51.1, 49.5, 50.4, 51.1]"
91,0.00013973186069051735,51.72,"[0.00015810306649655104, 0.00013570504961535335, 0.00014694523997604847, 0.00012833056098315865, 0.00015544253983534873, 7.802760228514671e-05, 6.33732124697417e-05, 0.0002714955189730972, 0.00014126529276836663, 0.00011863052350236103]","[53.1, 51.3, 51.5, 52.3, 50.7, 53.4, 51.3, 51.8, 50.7, 51.1]"
92,0.00019531662037479696,51.019999999999996,"[0.0001311301748501137, 0.00014067984011489898, 0.0001185767468996346, 0.00012720220547635108, 0.00015695525507908314, 0.0002160179865313694, 0.00011804232053691521, 0.00019365087791811675, 0.00010508434206712991, 0.0006458264542743564]","[52.3, 50.9, 51.0, 50.3, 52.7, 51.9, 51.9, 49.0, 50.5, 49.7]"
93,0.000142373819835484,50.71,"[0.00010973231837851927, 0.00014910014579072595, 0.00012379603867884725, 0.00010963049862766638, 0.00011692923726513982, 0.0002370808069827035, 9.815043449634686e-05, 0.00010876694432226941, 0.00016878034512046725, 0.00020177142869215459]","[50.3, 50.6, 50.1, 50.8, 52.3, 52.4, 50.3, 50.4, 50.0, 49.9]"
94,0.00022797549099777821,50.96000000000001,"[0.00016872583364602178, 0.00010422250488772988, 0.0002614154655020684, 0.00010555385233601555, 0.0005975071107968688, 0.000317975296638906, 8.18999542389065e-05, 0.00017624707834329456, 0.0002966519969049841, 0.00016955581668298692]","[52.3, 49.9, 51.2, 51.4, 52.7, 51.3, 49.9, 49.3, 51.4, 50.2]"
95,0.00017715476715238765,51.040000000000006,"[0.00013010401744395494, 0.0001445701054763049, 0.00013846473302692175, 0.00013179442612454295, 0.00016897394380066544, 0.0002881899126805365, 0.0002980089047923684, 0.00016067421529442072, 0.00013162128743715584, 0.00017914612544700503]","[50.6, 51.2, 51.2, 50.9, 52.8, 51.7, 50.5, 50.7, 51.3, 49.5]"
96,0.00024572783877374604,50.77000000000001,"[0.0002020490646827966, 0.0001470385177526623, 0.00016817015421111137, 0.0007221351843327284, 0.00022203590197023004, 0.0002434660418657586, 0.000190855615073815, 0.00020337423484306782, 0.00019057541794609278, 0.00016757825505919755]","[51.1, 51.5, 50.6, 50.6, 52.3, 51.6, 50.4, 48.7, 51.4, 49.5]"
97,0.00018467073095962405,50.67,"[7.63435018598102e-05, 0.00017334709991700947, 0.00017186567129101604, 0.0001213845462189056, 0.0001517523778602481, 0.0002544982417020947, 7.741292210994288e-05, 0.00016312375373672694, 0.0001038393602357246, 0.000553139834664762]","[52.1, 51.9, 50.6, 50.9, 52.5, 51.5, 50.0, 48.9, 50.0, 48.3]"
98,0.00015074681141413748,51.21000000000001,"[7.208617171272635e-05, 0.00027454880182631314, 0.00012631143908947706, 0.00010376702266512439, 0.0001493496383773163, 9.165694791590795e-05, 0.0002594843681436032, 0.00014975358499214053, 0.00015219025954138488, 0.00012831987987738103]","[51.6, 51.3, 51.4, 50.0, 53.9, 52.1, 50.2, 50.2, 52.1, 49.3]"
99,0.00015385984734166415,51.07000000000001,"[0.0001059297937899828, 0.0003298311203252524, 0.00015298010839615017, 0.00012243441597092897, 0.0001710541982902214, 0.0001776451972546056, 8.592183439759538e-05, 0.00014764655497856438, 9.708894504001364e-05, 0.00014806630497332662]","[52.1, 51.6, 50.4, 51.6, 52.1, 50.8, 50.6, 49.4, 50.9, 51.2]"
100,0.00022448054296546617,51.260000000000005,"[0.00017365599342156202, 0.00011012070899596438, 0.00013431839761324227, 0.00012611557031050324, 0.0007093966123647988, 0.00020254962146282196, 0.00016239126853179187, 0.00028708972968161106, 0.00012290054291952401, 0.00021626698435284197]","[52.0, 50.3, 51.9, 51.3, 52.3, 51.2, 50.6, 51.0, 50.8, 51.2]"
101,0.0002004650203161873,51.120000000000005,"[0.0003548807871993631, 0.00014494943025056273, 0.0002103156002704054, 0.00011546529276529327, 0.00011868813453475013, 0.00028679362731054425, 0.00021731574088335037, 0.00013187820150051266, 0.00025855572312138975, 0.00016580766532570124]","[52.8, 50.5, 51.4, 52.4, 51.2, 51.9, 50.2, 50.8, 50.1, 49.9]"
102,0.00015341389371315017,51.11000000000001,"[9.89451291388832e-05, 0.00015483661263715476, 9.509961819276214e-05, 0.00021294791076797992, 0.00010953793389489874, 0.00017926002328749746, 0.00015269719006028026, 0.0003735748177859932, 8.187210187315941e-05, 7.536759949289262e-05]","[51.3, 50.2, 51.5, 53.2, 54.4, 49.9, 50.6, 51.2, 48.6, 50.2]"
103,0.0001452670112485066,50.75,"[0.00010712846415117383, 0.00023076402430888265, 0.00012585721560753882, 0.0001277944684261456, 0.00013409093662630767, 0.00020431606390047818, 0.00016335200052708387, 0.00015758383960928768, 0.00010757400013972074, 9.4209099188447e-05]","[51.4, 50.7, 50.0, 52.1, 53.8, 50.4, 49.2, 49.5, 50.7, 49.7]"
104,0.00015972294713719747,51.160000000000004,"[0.00015258938947226852, 0.00010085748363053426, 0.00021800289687234908, 0.00015284358232747763, 0.000141354015795514, 0.00019677677482832223, 0.00019087667169515043, 0.0001331470994045958, 0.00016688609321136028, 0.00014389546413440257]","[50.5, 50.4, 50.0, 53.2, 51.7, 51.2, 51.2, 52.6, 50.7, 50.1]"
105,0.00015888604320934976,50.300000000000004,"[0.0001276851980946958, 0.00012731508468277752, 0.0001488290581619367, 0.0001136388091254048, 0.0001447818794986233, 0.00030215326114557683, 0.00013026221131440252, 0.00028487242525443435, 9.537942241877317e-05, 0.00011394308239687234]","[50.5, 50.1, 49.9, 52.2, 51.8, 49.2, 50.1, 49.9, 50.5, 48.8]"
106,0.00012276448323973456,51.110000000000014,"[0.00012800178956240416, 0.00016857817536219954, 0.00025366750196553767, 9.013023372972384e-05, 7.431316771544516e-05, 0.00012555354624055326, 7.169018499553204e-05, 0.00013233853678684682, 7.761466986266896e-05, 0.00010575702617643401]","[52.8, 50.7, 51.7, 52.0, 52.3, 49.8, 49.4, 51.0, 51.6, 49.8]"
107,0.0001729939234792255,50.86,"[0.00013616113574244082, 0.0002056155790342018, 0.00015055392577778548, 0.00019796191190835088, 0.00012241692456882447, 0.00024283467791974545, 0.00015289853035937995, 0.000222395479795523, 0.0001591200561961159, 0.00013998101348988712]","[51.7, 49.2, 51.2, 51.4, 51.6, 51.7, 49.9, 50.4, 50.1, 51.4]"
108,0.00018138170635211283,51.31,"[8.258307207142934e-05, 0.00011800469656009227, 0.00021358147205319256, 0.00012704635446425527, 0.00019386837084311992, 0.0003033383400179446, 0.00018043001182377338, 0.0001961687084985897, 0.0002408443106105551, 0.00015795172657817602]","[52.8, 48.6, 51.1, 51.7, 52.1, 53.0, 51.3, 50.8, 51.0, 50.7]"
109,0.00015554774145130069,50.97,"[7.63510397518985e-05, 9.28440858842805e-05, 0.00011967539467150345, 0.00017525370640214533, 0.00012880790745839477, 0.00021762614778708667, 0.00011847278801724315, 0.0003129991237074137, 0.00015796242223586887, 0.0001554847985971719]","[51.7, 49.7, 50.9, 51.3, 51.8, 52.3, 48.9, 49.2, 52.1, 51.8]"
110,0.00014080483088037,51.0,"[0.00018124176131095737, 0.0001152881231973879, 0.00010721485887188464, 9.876799595076591e-05, 9.183884685626253e-05, 0.00012624954979401082, 0.00010160334932152182, 0.00011545927554834634, 0.00016115978360176086, 0.0003092247643508017]","[51.1, 49.6, 50.0, 52.1, 51.3, 51.8, 51.0, 50.6, 51.9, 50.6]"
111,0.0001428811585356016,50.70000000000001,"[8.873845217749476e-05, 0.00014780763012822717, 0.0002227460063295439, 0.00011028479639207944, 0.00016245000006165355, 0.00014721081242896616, 0.00012764243001583964, 0.00014007514982949942, 0.00019796162087004632, 8.389468712266535e-05]","[51.0, 50.2, 50.4, 49.9, 50.7, 51.8, 50.5, 50.3, 51.2, 51.0]"
112,0.00016038831090554593,51.18000000000001,"[0.00017232306709047407, 0.00017506651056464761, 0.00017148596816696227, 9.151506674243137e-05, 7.813367119524628e-05, 0.00014580976858269423, 0.00045538574340753257, 0.00011956095841014758, 0.0001167610171250999, 7.784133777022362e-05]","[51.4, 51.0, 51.3, 51.5, 51.7, 51.6, 51.2, 51.0, 51.4, 49.7]"
113,0.00018059081194223836,50.830000000000005,"[0.00012860391871072352, 0.0001789320376701653, 0.00026900070952251554, 9.229802526533604e-05, 0.0002445038699079305, 9.92169589153491e-05, 0.00018673334852792323, 0.00011940692638745531, 0.00019616170902736485, 0.00029105061548762023]","[51.4, 51.0, 49.7, 51.4, 50.9, 50.0, 50.8, 51.7, 51.1, 50.3]"
114,0.00014060319517739117,51.379999999999995,"[9.015674731926993e-05, 0.00012844915909226984, 0.0001459262566640973, 0.0001064307289198041, 0.00011276161967543885, 0.00011789383279392496, 0.00019541254732757807, 0.00028771470533683896, 0.00010518663475522771, 0.000116099719889462]","[50.9, 50.5, 50.8, 51.1, 52.0, 53.0, 51.6, 51.5, 50.5, 51.9]"
115,0.00013183717092033476,50.77,"[0.00014571781503036618, 0.00016697237151674926, 0.00016564819088671356, 0.00014998042024672031, 0.00010045881208498031, 0.00012015093670925125, 0.0001477759942645207, 0.00010337238200008869, 0.00012193697330076247, 9.63578131631948e-05]","[52.2, 49.6, 50.2, 50.4, 50.9, 50.6, 49.2, 52.1, 51.9, 50.6]"
116,0.0001844607075327076,50.940000000000005,"[8.291622361866757e-05, 9.762223635334522e-05, 0.000580988940782845, 0.0001290841755690053, 0.00030580427846871316, 0.0002773146261461079, 0.0001416040031472221, 7.107920828275383e-05, 7.671020284760743e-05, 8.148318011080846e-05]","[51.6, 50.0, 49.5, 51.2, 51.5, 49.5, 50.5, 52.5, 51.3, 51.8]"
117,0.0003403134855034296,50.49000000000001,"[0.0001380875037284568, 0.00013219383254181594, 0.0004867434035986662, 0.000972054258454591, 0.00016439844330307096, 0.000981834135018289, 0.00011274650751147419, 0.00014035750064067543, 9.702129318611696e-05, 0.00017769797705113888]","[51.9, 50.1, 50.1, 50.7, 51.9, 49.7, 49.3, 50.6, 51.5, 49.1]"
118,0.00013529220232157967,50.69,"[7.232420466607437e-05, 8.959226397564635e-05, 0.00016596271598245949, 0.00013099591888021678, 0.00011270237155258656, 0.00020006706472486258, 0.0001402294001309201, 9.596411109669134e-05, 0.00017159609706141055, 0.0001734878751449287]","[51.6, 50.0, 50.1, 51.5, 50.8, 51.5, 49.9, 50.4, 50.7, 50.4]"
119,0.00013222959241829813,51.20000000000001,"[0.0001593135966686532, 0.00011044198618037626, 0.0002065890294034034, 0.00011312533024465665, 0.0001569774467498064, 0.00014393792662303895, 0.00014935458602849394, 0.00010500838106963784, 9.242350643035024e-05, 8.512413478456438e-05]","[52.2, 50.3, 50.6, 52.0, 52.1, 50.1, 49.6, 52.1, 51.3, 51.7]"
120,0.00014261830656323585,50.980000000000004,"[0.00011004066618625075, 0.0001458991609979421, 0.00017341588682029396, 0.000184616117621772, 0.00014660241140518337, 9.708816651254892e-05, 9.631535795051605e-05, 8.276473090518266e-05, 0.00012296109343878925, 0.00026647947379387915]","[52.7, 50.6, 51.2, 50.2, 50.0, 51.9, 51.5, 50.1, 51.4, 50.2]"
121,0.00013044003644608894,50.99000000000001,"[8.743108628550544e-05, 0.00018491344235371798, 0.00013280501298140734, 0.00010906431270996109, 0.00011220774467801675, 0.00021488743368536234, 0.00010868476238101721, 0.00010448449029354379, 0.0001782583276508376, 7.166375144151971e-05]","[52.4, 52.2, 50.9, 50.1, 51.3, 50.1, 50.2, 50.7, 52.3, 49.7]"
122,0.00013162420837034008,50.900000000000006,"[5.3922714869258925e-05, 9.922104800352827e-05, 9.793364733923227e-05, 0.00012193450675113127, 0.00013342841702979058, 0.00010835499415406957, 0.00010535169712966308, 0.00011328473192406818, 0.00031996521283872426, 0.00016284511366393417]","[51.6, 50.1, 49.8, 51.2, 50.4, 50.4, 52.9, 51.1, 51.2, 50.3]"
123,0.00019070054986514157,50.91,"[7.163619011407718e-05, 0.0006184469675645232, 0.0001256531832041219, 0.00017013623437378556, 0.0001560336968395859, 0.00019619357772171497, 0.00014632291276939213, 7.756244303891435e-05, 0.00018855636881198734, 0.00015646392421331257]","[52.6, 49.9, 51.3, 49.8, 51.6, 50.5, 51.5, 49.4, 51.4, 51.1]"
124,0.00012718160432996227,50.75,"[0.00010114545148098841, 0.00022835322306491435, 8.567742042941973e-05, 0.00011741765047190711, 0.0001686792093096301, 0.00012916441482957453, 7.989950972842053e-05, 7.900658238213509e-05, 0.00018862092110794038, 9.385166049469262e-05]","[52.5, 50.0, 50.4, 51.9, 51.0, 50.0, 50.4, 50.3, 50.5, 50.5]"
125,0.00011836356643470935,50.96,"[7.666418241569772e-05, 9.47615408222191e-05, 9.983197378460318e-05, 0.00011503490532049909, 0.00010712508810684085, 0.00011153503874083981, 9.065512131201103e-05, 0.00016119629435706884, 0.0002442062832415104, 8.262523624580353e-05]","[51.7, 50.6, 50.5, 52.0, 52.9, 49.4, 50.3, 51.2, 52.1, 48.9]"
126,0.00010787302235257812,51.28999999999999,"[6.72494134050794e-05, 0.00010143889812752604, 6.570501864189282e-05, 0.0001327210629824549, 0.00015000517305452377, 0.00022767363407183439, 5.4012780310586095e-05, 8.394539327127859e-05, 7.653117791051045e-05, 0.00011944767175009474]","[52.3, 49.6, 51.5, 52.9, 51.5, 51.1, 50.5, 51.5, 51.9, 50.1]"
127,7.681470124225597e-05,50.570000000000014,"[6.529525126097724e-05, 6.501634925371036e-05, 6.35837423033081e-05, 0.00010621285036904737, 6.0665082855848595e-05, 6.984332867432386e-05, 0.0001248824701178819, 5.8256497140973806e-05, 6.0656289861071855e-05, 9.37351505854167e-05]","[51.0, 50.0, 50.9, 51.8, 50.7, 50.2, 50.2, 51.2, 50.9, 48.8]"
128,8.255154571088497e-05,50.88,"[8.347178663825616e-05, 0.00012316765787545592, 6.845041207270697e-05, 8.977174729807302e-05, 6.1031485529383644e-05, 8.990252536023036e-05, 5.669379243045114e-05, 5.0430764531483874e-05, 0.00013941821816843003, 6.317706720437855e-05]","[52.3, 49.9, 50.6, 52.5, 51.4, 51.2, 50.0, 50.8, 50.1, 50.0]"
129,0.00012944160407641904,50.86000000000001,"[0.00014773693692404777, 0.00018490501679480076, 6.575665611308068e-05, 0.00010472995199961588, 0.00010278030822519213, 0.00013410787505563349, 0.0001201749691972509, 0.00011881357204401866, 0.00013117180787958205, 0.00018423894653096795]","[51.8, 49.9, 51.2, 52.2, 50.8, 50.7, 50.9, 50.7, 50.5, 49.9]"
130,0.0001179252278234344,51.35000000000001,"[9.668360144132748e-05, 0.00010696288518374786, 0.0001478513440815732, 0.00013002059131395072, 0.00010554434265941381, 8.020891255000606e-05, 9.307376603828743e-05, 0.00011975567758781835, 0.00012345565482974052, 0.00017569550254847854]","[52.5, 50.3, 52.3, 51.6, 52.3, 50.6, 51.0, 50.2, 52.0, 50.7]"
131,0.00012225449027027937,50.790000000000006,"[0.00033206187072210014, 8.165749022737145e-05, 8.398555655730888e-05, 0.0001004269506665878, 8.311639976454899e-05, 0.00015309629088733345, 9.606806997908279e-05, 9.868580673355609e-05, 0.00012078956933692098, 7.26568978279829e-05]","[50.1, 50.6, 50.8, 52.5, 51.2, 51.1, 51.1, 49.3, 49.6, 51.6]"
132,0.00011188004064024428,50.71000000000001,"[0.0001924128009704873, 0.00011474087659735233, 0.00011507650197017938, 6.246106931939721e-05, 9.265701373806223e-05, 7.84522489993833e-05, 0.00014474487397819757, 0.00012035667896270752, 0.00011986181925749406, 7.80365226091817e-05]","[51.4, 50.0, 50.6, 50.8, 49.9, 50.9, 51.5, 50.5, 51.0, 50.5]"
133,0.00015576133664580994,50.839999999999996,"[0.00011982361320406199, 0.0004529204743448645, 9.697661880636588e-05, 0.00011004294356098399, 0.00016683405556250364, 0.00012061535380780697, 0.00011805950634879991, 0.00011185905896127224, 7.518877100665122e-05, 0.00018529297085478902]","[52.1, 50.7, 51.2, 50.6, 52.4, 51.6, 50.0, 49.7, 49.3, 50.8]"
134,0.00015943193648126908,50.21000000000001,"[9.972882980946451e-05, 0.00027043974841944873, 0.00024465846945531666, 0.00013310373469721526, 9.741860412759706e-05, 0.00023571874771732837, 0.00010658412793418393, 0.00013789201329927891, 8.868950681062415e-05, 0.00018008558254223317]","[49.6, 51.7, 49.5, 50.8, 50.2, 50.5, 48.4, 50.7, 49.6, 51.1]"
135,0.00012679220308200453,50.35000000000001,"[8.217238791985437e-05, 0.00023645487090107054, 0.00017102471610996872, 0.00019787611381616443, 0.00012481356679927558, 9.045522165251896e-05, 9.06073983060196e-05, 6.909061630722135e-05, 8.354317105840892e-05, 0.00012188396794954315]","[49.4, 51.4, 50.3, 50.7, 51.3, 51.0, 48.8, 49.7, 49.6, 51.3]"
136,0.00018303886099602098,50.5,"[7.193914643721655e-05, 6.134968862170354e-05, 8.975292439572513e-05, 7.918668416095898e-05, 0.00011877528595505282, 9.886830957839265e-05, 6.3463652622886e-05, 0.00010921567445620894, 0.00017276388825848699, 0.000965073355473578]","[51.1, 49.8, 49.6, 52.0, 50.6, 51.0, 48.6, 50.9, 50.4, 51.0]"
137,0.00010653224817360751,50.21000000000001,"[9.20285820029676e-05, 6.402408325811848e-05, 8.47744959173724e-05, 7.918212213553488e-05, 0.00014390041178558022, 8.870130841387436e-05, 9.430244244867936e-05, 0.00013114202010910958, 0.00017906630819197744, 0.00010820070747286081]","[50.8, 50.1, 49.8, 50.9, 51.7, 51.5, 49.4, 48.4, 49.8, 49.7]"
138,0.00012884987372672186,50.39,"[0.00019212228653486818, 0.00019560159125830978, 0.00015697951312176883, 4.7767971409484744e-05, 0.00011911530600627884, 7.573575567221269e-05, 0.00017158559057861567, 0.00010695038508856669, 0.00015635360614396632, 6.628673145314679e-05]","[51.1, 49.1, 50.2, 50.9, 51.4, 51.7, 49.3, 49.3, 51.1, 49.8]"
139,0.00013904120278311895,50.620000000000005,"[0.00010826933430507779, 0.00016119342762976885, 0.0002436566719552502, 9.744834096636623e-05, 0.00020609975035768002, 0.000137031776830554, 9.296862845076248e-05, 0.00011885690037161112, 0.00011134793749079108, 0.00011353925947332755]","[51.0, 50.2, 51.3, 50.4, 51.7, 50.2, 50.1, 49.9, 51.4, 50.0]"
140,0.00015326323118642905,50.59,"[0.0003000647702720016, 0.00023165873426478356, 0.00013013684656471014, 6.948444206500426e-05, 0.00012192605208838359, 0.00015096172865014523, 0.0001262012228835374, 0.00012884668831247836, 0.0001678160479059443, 0.00010553577885730192]","[52.0, 50.1, 51.0, 50.3, 52.0, 50.2, 51.1, 49.9, 50.1, 49.2]"
141,0.0001797427721612621,50.370000000000005,"[0.00020335214503575116, 0.00010516592737985775, 0.000640152080450207, 6.664131069555879e-05, 9.808138565858826e-05, 0.00012214471644256264, 0.00025390874361619353, 8.116703247651458e-05, 8.951301424531266e-05, 0.00013730136561207473]","[51.2, 49.9, 50.8, 50.7, 51.5, 49.7, 49.7, 48.8, 50.5, 50.9]"
142,0.0002386348911386449,50.08,"[0.00010865629155887291, 0.000921704457141459, 0.0001155034769908525, 0.0003689373843371868, 0.0001242210710188374, 0.0002737343602348119, 8.331229764735326e-05, 9.570223483024165e-05, 0.0002077183307847008, 8.685900684213266e-05]","[51.5, 50.4, 49.8, 51.7, 50.3, 48.0, 49.5, 49.7, 49.4, 50.5]"
143,0.00011862507089972496,50.88000000000002,"[0.00011727594392141327, 0.00012169247929705307, 8.020111272344366e-05, 0.00012614582374226302, 9.90808111964725e-05, 0.00022503883519675583, 9.111974941333756e-05, 0.00013957249757368118, 7.390326209133491e-05, 0.00011222019384149462]","[52.3, 51.2, 51.0, 50.6, 51.9, 51.0, 50.1, 49.9, 50.2, 50.6]"
144,8.675194621901027e-05,50.730000000000004,"[6.188239785842597e-05, 7.294403621926904e-05, 5.982669608783908e-05, 4.7400604671565816e-05, 8.300701301777735e-05, 0.00011616816482273862, 0.00013890540867578238, 9.989424142986536e-05, 4.8357593186665326e-05, 0.00013913330622017384]","[51.8, 50.2, 50.3, 51.1, 52.1, 49.8, 50.8, 50.6, 50.2, 50.4]"
145,0.0001239628028997686,50.79,"[0.00010682463471312076, 0.00017256493447348475, 7.683735020691529e-05, 0.00016169775335583836, 9.042206511367112e-05, 9.777839295566082e-05, 9.483593748882413e-05, 0.0001221217098645866, 0.00013417542504612356, 0.00018236982577946037]","[50.9, 49.9, 51.4, 51.1, 52.3, 50.2, 51.1, 50.9, 50.0, 50.1]"
146,0.00014852558597340247,50.84,"[0.00016262292047031224, 0.0002696468436624855, 0.00011110965715488419, 8.685562352184206e-05, 7.61181945563294e-05, 0.00011998597619822249, 0.00023190733918454498, 0.00010109659342560917, 0.0002164382312912494, 0.00010947448026854545]","[50.3, 50.3, 51.2, 51.8, 51.8, 49.3, 51.3, 51.1, 50.6, 50.7]"
147,0.0002436489987303503,50.78000000000001,"[0.00014253385597839952, 0.0007529223221354187, 0.00014168555208016187, 0.0002245516807306558, 0.00021913545788265765, 0.00034776428947225213, 0.00020031169697176665, 0.00012976342986803502, 0.0001401017652824521, 0.00013771993690170348]","[50.6, 51.8, 51.1, 51.3, 53.0, 49.1, 49.4, 51.3, 50.7, 49.5]"
148,8.753179354243912e-05,51.46,"[7.529726281063631e-05, 8.579223504057154e-05, 6.846793257864192e-05, 8.399412035942078e-05, 7.716414984315634e-05, 0.00015635526506230235, 7.922305667307228e-05, 9.756187500897795e-05, 8.71077281772159e-05, 6.435430987039581e-05]","[52.4, 50.3, 51.9, 51.4, 53.6, 50.5, 51.1, 51.9, 49.4, 52.1]"
149,0.00010745012041297742,51.900000000000006,"[6.597552419407293e-05, 0.00011531655763974413, 9.444227180210873e-05, 4.860110493609682e-05, 8.504754805471748e-05, 0.0001207076056743972, 4.85343553009443e-05, 0.00032554089557379484, 8.719535981072113e-05, 8.313998114317656e-05]","[52.4, 50.9, 50.8, 52.1, 55.3, 52.6, 51.3, 50.7, 51.2, 51.7]"
150,9.978997986763717e-05,51.52,"[7.711412035860121e-05, 7.814068521838635e-05, 7.976237975526601e-05, 7.455879676854238e-05, 8.379773498745635e-05, 0.00010791094973683357, 6.4740794186946e-05, 0.00022620036907028407, 0.00010536469198996201, 0.00010030927660409361]","[51.4, 51.6, 52.1, 53.1, 52.8, 51.1, 50.6, 51.0, 50.1, 51.4]"
151,0.00010092414668179118,51.20000000000001,"[6.459723226726055e-05, 8.11993595561944e-05, 8.413040632149205e-05, 0.00010404252680018544, 0.0001645428710617125, 0.00014023817493580282, 7.005131192272529e-05, 8.701334445504472e-05, 0.00014324745279736817, 7.017878670012578e-05]","[51.2, 49.8, 50.9, 52.1, 50.8, 50.6, 52.0, 51.5, 51.8, 51.3]"
152,0.00011618464486673474,51.12,"[7.947876292746514e-05, 9.214717283612117e-05, 7.35398061806336e-05, 8.178882126230747e-05, 0.00013619025412481278, 0.00018968997756019235, 9.038319694809616e-05, 0.00011986165918642655, 0.00011388906568754464, 0.00018487773195374757]","[51.0, 49.0, 51.6, 51.6, 51.9, 51.5, 52.5, 51.2, 50.5, 50.4]"
153,0.00015165128716034817,50.88,"[7.024571823421866e-05, 0.00014325730444397777, 0.000261620560195297, 0.00013804146146867424, 0.00013110051804687828, 0.00012264119868632406, 6.845414463896304e-05, 0.00019269251788500696, 0.00022752919176127762, 0.00016093025624286383]","[52.9, 49.1, 51.5, 51.7, 50.0, 50.2, 51.8, 50.2, 50.7, 50.7]"
154,0.00016895182270673109,50.4,"[0.00012198775220895186, 0.0002581770531833172, 0.0001312838139710948, 0.0002792328305076808, 0.0001509075373178348, 0.00015526443894486874, 0.0001086005286197178, 0.00017268754891119897, 0.0002046490990323946, 0.00010672762437025085]","[51.9, 49.2, 51.0, 51.1, 50.9, 50.7, 49.8, 51.0, 49.0, 49.4]"
155,0.0001887655875179917,50.88,"[0.00014902013936080039, 0.00020719904568977654, 0.00017939733515959233, 8.386726403841749e-05, 0.0001189316317322664, 0.00013661215780302882, 8.776230970397592e-05, 0.0004476267786230892, 0.0003143199719488621, 0.00016291924112010747]","[52.4, 49.6, 51.6, 52.4, 49.5, 50.6, 50.2, 51.0, 50.7, 50.8]"
156,0.00016402113105868922,51.31,"[0.00015122986224014312, 0.00019014443387277424, 0.00011000469385180622, 8.116964454529807e-05, 0.00020021577074658126, 0.00012140247417846695, 0.00010580039815977216, 0.0003519945894367993, 0.00017136863607447594, 0.00015688080748077482]","[53.1, 50.7, 51.3, 51.7, 51.5, 50.7, 52.2, 50.7, 50.7, 50.5]"
157,0.000145193168282276,51.30000000000001,"[0.00047784444177523255, 0.00010992601892212406, 6.296970241237432e-05, 9.702316310722381e-05, 0.00013186172873247415, 9.484559268457815e-05, 0.00018989585805684328, 0.00014407029084395617, 6.246727571124211e-05, 8.10276105767116e-05]","[52.0, 50.4, 52.0, 51.4, 53.3, 51.7, 51.3, 50.3, 50.7, 49.9]"
158,0.00012186930180178026,51.03999999999999,"[0.00019295219681225717, 0.00011521254054969177, 9.909061918733642e-05, 7.407498924294487e-05, 0.0002699645410757512, 8.12769794720225e-05, 6.659887003479525e-05, 9.698620851850137e-05, 0.00010658858809620142, 0.00011594748502830043]","[50.9, 49.2, 51.3, 52.0, 51.8, 51.9, 50.9, 51.6, 51.1, 49.7]"
159,0.00012672636366914958,50.510000000000005,"[0.00011856349738081917, 0.00010446694068377838, 0.00010509674757486209, 7.573699986096472e-05, 7.791457755956799e-05, 6.75040646456182e-05, 7.833803829271346e-05, 0.00018019726849161088, 0.00035136565566062927, 0.00010807984654093161]","[50.6, 49.9, 49.0, 50.6, 52.1, 51.3, 51.0, 50.4, 50.7, 49.5]"
160,0.00014250212916522287,50.980000000000004,"[0.00016700591368135065, 8.210557280108333e-05, 9.094754204852507e-05, 7.561701204394922e-05, 0.0003570878179743886, 0.000154671652126126, 0.00011559599079191685, 0.00015360952238552272, 0.00013441800547298044, 9.396226232638583e-05]","[51.5, 49.6, 50.3, 52.9, 51.9, 51.6, 49.5, 51.1, 51.1, 50.3]"
161,0.00014382793306140227,50.4,"[0.00013747625052928925, 8.257096487795934e-05, 9.224426321452484e-05, 9.104785567615181e-05, 0.00016475368465762585, 0.00024932619999162853, 0.00011432545579737052, 0.00016852653061505407, 0.00024092223611660302, 9.708588913781568e-05]","[51.4, 50.3, 50.3, 51.1, 51.3, 49.9, 48.9, 51.0, 50.5, 49.3]"
162,0.00012023804520140403,50.85000000000001,"[8.985913154901937e-05, 9.932562534231693e-05, 0.00010220983676845208, 7.012558489805087e-05, 0.0001414202561136335, 0.0001298798742936924, 0.0002121803117915988, 0.00011685649951687083, 0.00014562059368472546, 9.490273805567995e-05]","[51.5, 48.4, 51.1, 52.3, 52.7, 51.8, 50.6, 49.9, 49.2, 51.0]"
163,9.666814803495073e-05,51.120000000000005,"[0.00014438600919675082, 0.00010217962699243799, 9.690364822745323e-05, 9.603666694601998e-05, 6.925622437847778e-05, 8.183078898582608e-05, 7.918092160252854e-05, 7.959678623592481e-05, 0.00011819571955129504, 9.911508823279291e-05]","[52.2, 49.8, 49.8, 53.3, 52.0, 50.8, 51.6, 49.5, 50.8, 51.4]"
164,0.00013111527950968594,51.24000000000001,"[0.0001105631235986948, 0.00010885758092626929, 7.68224272178486e-05, 0.00010713608207879588, 0.00013849968672730029, 0.00011115195229649544, 0.00011197730054846033, 0.00012680812506005168, 0.0002942562859971076, 0.0001250802306458354]","[51.0, 50.4, 50.4, 53.8, 53.0, 51.3, 49.7, 50.3, 51.3, 51.2]"
165,0.00014581564682885075,51.230000000000004,"[0.00010777206625789404, 0.0001014900190057233, 0.00013611545728053898, 9.626959217712283e-05, 0.00011691284453263506, 0.0002714902220759541, 0.0003170050331391394, 0.00010443486098665744, 0.00010093220043927431, 0.00010573417239356786]","[52.1, 49.6, 50.9, 52.2, 51.7, 51.3, 50.5, 50.7, 50.7, 52.6]"
166,0.00012358412859612145,50.79,"[8.07600881671533e-05, 8.49697389639914e-05, 5.6978351494763047e-05, 9.062021126737818e-05, 0.00013949598360341042, 0.00012679456267505884, 0.00024353968910872936, 0.00023857825726736337, 0.00010050883429357782, 7.35955691197887e-05]","[49.7, 51.1, 50.6, 52.5, 52.3, 50.3, 50.1, 50.8, 50.9, 49.6]"
167,0.00011158457709825598,50.78,"[8.812659507384524e-05, 0.00010608510638121516, 7.398250454571098e-05, 9.915783448377624e-05, 0.0001755605189828202, 0.00012067509669577703, 0.00015178565809037536, 0.00012751069152727723, 9.271343151340261e-05, 8.024833368835971e-05]","[52.3, 50.4, 49.1, 51.8, 52.0, 50.3, 49.8, 50.2, 51.6, 50.3]"
168,0.00014677821091027,51.230000000000004,"[0.00011295202421024442, 0.0002786742988973856, 0.00010885003575822338, 0.00019230890029575676, 0.00011250401439610869, 0.00012359720130916685, 8.783691009739414e-05, 0.00019382910977583379, 0.00010219511023024097, 0.00015503450413234532]","[52.0, 50.4, 48.6, 52.1, 53.8, 51.1, 51.1, 50.4, 52.2, 50.6]"
169,0.00012324048439040782,50.940000000000005,"[0.0002413992624497041, 0.00010707888577599078, 0.00010102678061230108, 6.869529170216992e-05, 9.773606871021912e-05, 0.0001591044565429911, 0.00011853980686282739, 9.172260615741834e-05, 0.00010247411410091445, 0.0001446275709895417]","[51.8, 51.3, 49.8, 50.6, 52.2, 50.6, 50.8, 51.0, 50.7, 50.6]"
170,9.420932401553728e-05,50.730000000000004,"[9.214628516929224e-05, 6.593183206859976e-05, 8.926303416956216e-05, 0.0001193490024888888, 9.347474406240508e-05, 0.00013379985466599464, 7.299276330741122e-05, 0.000117005045467522, 7.855963485781103e-05, 7.957104389788583e-05]","[51.5, 49.2, 49.9, 53.1, 51.2, 50.6, 49.3, 50.6, 50.8, 51.1]"
171,8.791316140559501e-05,50.449999999999996,"[8.433669427176937e-05, 8.18837943370454e-05, 6.138147000456229e-05, 7.185633148765191e-05, 9.524366032565013e-05, 0.00012101398169761524, 6.0779042541980743e-05, 8.882425026968122e-05, 7.14873822289519e-05, 0.000142325006891042]","[50.7, 49.5, 49.5, 51.0, 51.9, 51.1, 49.3, 51.7, 50.4, 49.4]"
172,8.598690146754961e-05,51.379999999999995,"[9.159640467260033e-05, 5.324183075572364e-05, 6.205582758411765e-05, 9.224761015502736e-05, 7.096515037119389e-05, 9.144882642431185e-05, 7.054384332150221e-05, 0.0001010126798064448, 0.00014780304627493024, 7.895379530964419e-05]","[51.8, 50.7, 51.1, 53.1, 50.9, 52.1, 50.0, 51.9, 51.8, 50.4]"
173,0.00011164596289745534,51.01000000000001,"[0.0001073930980055593, 5.578805212280713e-05, 9.188026888296008e-05, 0.00013177086657378823, 8.054843783611432e-05, 0.00031441039755009115, 9.555659926263615e-05, 0.0001011218992061913, 5.79568040848244e-05, 8.003320544958115e-05]","[52.3, 49.2, 51.2, 51.6, 53.2, 51.6, 49.1, 50.6, 51.2, 50.1]"
174,0.00011229405863559804,50.890000000000015,"[6.372470670612529e-05, 0.00012771533511113375, 0.00017046256107278168, 6.972851406317204e-05, 6.091784598538652e-05, 8.830708247842267e-05, 9.374343790113926e-05, 0.0003001190780196339, 0.00010471954010426998, 4.3502484913915396e-05]","[53.0, 50.3, 49.7, 50.9, 52.9, 51.0, 48.7, 50.2, 51.6, 50.6]"
175,0.00017973759750020688,51.629999999999995,"[0.00013054258306510746, 7.902844663476571e-05, 0.000338140845997259, 8.920596883399412e-05, 0.00022433830599766225, 0.00012672714365180582, 9.783624409465119e-05, 9.761992987478152e-05, 0.0005324186058714986, 8.151790098054335e-05]","[53.1, 50.8, 49.8, 52.4, 53.3, 51.9, 48.9, 51.7, 52.9, 51.5]"
176,0.00010292750739608893,51.13000000000001,"[8.672718104207888e-05, 8.5484265582636e-05, 8.067509043030441e-05, 6.967678928049281e-05, 7.141786772990599e-05, 0.0001705231552477926, 7.689561607548967e-05, 0.00011448637815192342, 0.0001097424901672639, 0.00016364624025300145]","[50.7, 50.5, 50.7, 51.0, 51.2, 50.7, 51.8, 51.1, 52.7, 50.9]"
177,0.00014354245213326066,51.24,"[9.762676199898124e-05, 0.00010492349247215316, 0.0002800587972160429, 0.0001231453352374956, 0.0001559183292556554, 0.0001565602869959548, 0.00014187667693477124, 0.00011992619693046436, 0.00013474545266944915, 0.00012064319162163883]","[52.1, 49.8, 50.7, 53.1, 50.0, 50.7, 51.2, 50.1, 52.8, 51.9]"
178,0.00011569611378945411,50.99000000000001,"[9.642578515922651e-05, 0.00011628454376477748, 0.00012958010483998805, 9.962572949007154e-05, 7.863710925448686e-05, 0.00010377430589869618, 0.00019150818116031587, 0.00012713309843093157, 9.978649904951453e-05, 0.00011420578084653243]","[50.8, 49.1, 52.1, 53.2, 52.4, 50.3, 49.5, 50.0, 51.3, 51.2]"
179,0.00010198921154369601,51.95000000000001,"[0.0001134684425778687, 7.779606676194817e-05, 6.638772174483165e-05, 0.00012552342377603054, 0.00010930765711236745, 0.00010299300629412755, 8.618207357358187e-05, 0.00011625547631410882, 0.00011956539674429223, 0.00010241285053780302]","[52.2, 51.9, 51.0, 52.8, 52.2, 51.8, 51.0, 52.8, 52.0, 51.8]"
180,8.432251815975178e-05,51.2,"[7.9043056757655e-05, 5.889216117793694e-05, 0.00010641444532666355, 8.09290140750818e-05, 6.324586138362065e-05, 5.3663203289033845e-05, 9.700949158286676e-05, 9.491349919699132e-05, 0.00013174026389606297, 7.737418491160497e-05]","[52.5, 50.2, 52.3, 52.8, 53.1, 50.7, 48.9, 51.3, 51.5, 48.7]"
181,8.245450735557825e-05,51.17,"[6.611922435695305e-05, 0.00011597031698329374, 7.597976218676195e-05, 5.070047336630523e-05, 8.50603828439489e-05, 9.603629587218165e-05, 9.366877930006012e-05, 7.486543472623453e-05, 8.95982448128052e-05, 7.654615910723805e-05]","[50.9, 50.9, 52.1, 52.7, 52.6, 50.0, 49.3, 51.5, 51.2, 50.5]"
182,0.00024433692669845186,51.290000000000006,"[0.00012268625141587108, 0.00017031932657118887, 9.396623499924317e-05, 0.0001014482113532722, 0.00010690785711631179, 0.0012759037781506777, 9.190566197503358e-05, 0.00013315309479366988, 0.00017698541341815144, 0.00017009343719109893]","[50.9, 51.3, 51.8, 51.7, 52.0, 50.8, 49.8, 52.3, 51.8, 50.5]"
183,9.349440006189978e-05,51.78,"[0.00011005764827132225, 8.769950363785028e-05, 9.158139437204227e-05, 7.077413465594873e-05, 9.756685176398605e-05, 8.671858086017892e-05, 7.167951116571203e-05, 0.00011601857841014862, 7.006852683844045e-05, 0.00013277927064336836]","[52.0, 51.8, 51.5, 52.7, 53.3, 51.0, 50.1, 52.2, 52.5, 50.7]"
184,0.00011710629478329794,50.89,"[7.94731531641446e-05, 9.61689293035306e-05, 0.0001542173995403573, 8.460402023047209e-05, 9.699229121906683e-05, 0.0001322556781815365, 0.00013533867604564875, 0.00018027758051175624, 0.00012737866200041026, 8.43565576360561e-05]","[51.9, 50.3, 51.2, 51.0, 51.5, 50.0, 47.8, 52.2, 52.6, 50.4]"
185,0.0001450699848646764,51.07,"[0.0002513955987524241, 0.00012264182441867888, 0.00010089587885886431, 0.0001453093864256516, 0.00012771302135661244, 0.00014970444317441434, 0.0001688802585704252, 0.0001411846897099167, 0.00010392598778707907, 0.00013904875959269702]","[52.1, 51.3, 50.6, 52.4, 53.3, 49.2, 48.8, 51.3, 51.6, 50.1]"
186,7.86089356552111e-05,50.64,"[6.91692330292426e-05, 6.145492807263508e-05, 8.327182877110317e-05, 9.29352972889319e-05, 6.037375351297669e-05, 7.550317968707532e-05, 9.423080337001011e-05, 0.00010155232303077355, 8.473168418277055e-05, 6.2866325606592e-05]","[50.9, 51.2, 49.6, 51.5, 52.4, 50.9, 48.0, 51.8, 50.0, 50.1]"
187,0.00013146779892849738,51.07000000000001,"[0.00012865333701483905, 0.00016603157564532012, 7.666833698749542e-05, 8.773334411671385e-05, 7.987785647856072e-05, 0.00015800878463778645, 0.000100523597211577, 0.00015375568182207644, 0.0002414324990240857, 0.00012199297634651884]","[53.5, 51.1, 49.4, 51.8, 52.6, 50.9, 48.6, 52.6, 49.1, 51.1]"
188,0.0001544881357403938,51.45,"[8.617070852778852e-05, 0.00016360355948563665, 8.755456656217575e-05, 8.933464414440095e-05, 0.00020134162332396954, 0.00044655773672275245, 7.377107249340042e-05, 0.00010149180889129639, 0.00013670424232259393, 0.00015835139492992312]","[53.7, 52.2, 50.0, 53.0, 52.1, 50.9, 47.9, 51.6, 51.5, 51.6]"
189,0.00013938919510110282,50.61000000000001,"[0.0001247890031663701, 0.0003187991096638143, 9.018331911647692e-05, 0.00023511664767283946, 6.185186066431925e-05, 9.222915832651779e-05, 0.0001223306026076898, 8.141218131640926e-05, 0.00012201441131765023, 0.00014516565715894103]","[51.3, 49.2, 50.2, 52.4, 52.0, 49.8, 48.8, 52.1, 51.0, 49.3]"
190,0.00012688251226791183,51.03,"[0.00015139832976274192, 0.00013130262959748507, 6.353313801810145e-05, 0.00011214506957912818, 0.0001140409876825288, 0.00012381332635413855, 8.771853026701137e-05, 0.00022291639470495284, 0.00010243112774332985, 0.00015952558896970004]","[51.4, 51.0, 49.1, 52.9, 52.5, 50.0, 49.9, 51.3, 51.4, 50.8]"
191,0.00010718530538724735,50.730000000000004,"[8.269520913017914e-05, 9.025954932440072e-05, 7.117172935977578e-05, 0.0001252991787623614, 0.00010790794476633891, 0.000107769992609974, 0.00012017663539154455, 0.0001557424693601206, 0.00010473804286448285, 0.00010609230230329558]","[51.8, 51.0, 48.8, 51.7, 52.7, 50.2, 49.0, 51.2, 50.0, 50.9]"
192,0.00015197244647424668,50.809999999999995,"[0.00010751096124295145, 0.00011438971705501899, 0.00019992180750705302, 0.00013102940283715725, 0.00020310071704443544, 7.303030724870041e-05, 9.133575804298744e-05, 0.00012548110680654645, 0.00036763897514902055, 0.0001062857118085958]","[52.0, 50.5, 50.0, 52.0, 54.6, 50.7, 47.8, 51.1, 51.2, 48.2]"
193,0.00011199367218068802,50.82,"[0.000162305572303012, 0.00012808370229322463, 0.0001222695573233068, 9.758894884726033e-05, 8.065613656071946e-05, 8.62665256136097e-05, 0.00010103165550390258, 8.793427696218714e-05, 0.00011166506737936288, 0.00014213527902029455]","[51.0, 51.5, 49.8, 51.9, 52.3, 49.9, 48.6, 50.6, 51.6, 51.0]"
194,0.00015134316126932392,50.76,"[0.00031861665775068104, 0.00021504236792679876, 7.011378329480067e-05, 0.00012224358215462416, 0.0002026226429734379, 8.364801033167168e-05, 0.00015850216732360423, 9.311934991274029e-05, 0.00014511098561342806, 0.0001044120654114522]","[51.6, 52.1, 50.4, 51.4, 53.2, 48.9, 50.4, 49.7, 49.8, 50.1]"
195,0.000161905366985593,50.42999999999999,"[0.0002512402425054461, 7.831385300960392e-05, 0.0001115971026592888, 0.00013572382158599794, 0.00013764046889264137, 0.00018531821842771024, 0.0003017862909473479, 0.0001055166867445223, 0.00018599638133309782, 0.00012592060375027359]","[49.9, 51.2, 50.0, 51.4, 50.7, 50.8, 48.6, 49.4, 50.7, 51.6]"
196,0.00013826690628775394,50.970000000000006,"[0.0002475593064446002, 0.00018721673404797912, 0.0001155261998064816, 0.00010079074854729697, 7.776983693474904e-05, 9.083035547519103e-05, 0.00014575629029422998, 0.00017202450544573367, 0.00010075239697471261, 0.0001444426889065653]","[51.9, 51.2, 49.6, 51.0, 52.2, 51.5, 49.1, 51.8, 50.7, 50.7]"
197,9.419783818884753e-05,50.95,"[0.00010297356493538246, 8.019658707780764e-05, 7.140956586226821e-05, 7.732411904726177e-05, 0.00020486667926888913, 8.17648324300535e-05, 7.067442493280396e-05, 7.676026871195063e-05, 0.00010784967889776453, 6.815866072429344e-05]","[51.3, 52.0, 50.4, 50.7, 53.1, 49.2, 50.1, 50.0, 51.5, 51.2]"
198,0.00010517685077502393,50.94000000000001,"[0.0001998085790546611, 9.2390037025325e-05, 7.147149881348014e-05, 0.00012107606016797945, 8.458113734377548e-05, 0.00010587903670966625, 6.160570774227381e-05, 9.402291470905766e-05, 0.00010876147280214354, 0.0001121720633818768]","[49.7, 50.4, 51.6, 50.9, 52.5, 50.5, 50.0, 49.8, 52.4, 51.6]"
199,0.00014228514919523152,51.61,"[7.97131797298789e-05, 0.00012500242155510932, 0.00012365730071906, 0.00026295226416550577, 0.00011156050459248945, 8.02106224000454e-05, 7.805639324942604e-05, 0.0003526577784214169, 8.678680751472712e-05, 0.0001222542196046561]","[53.2, 52.2, 49.9, 51.8, 52.1, 51.4, 50.6, 51.6, 52.2, 51.1]"
200,8.961124003690202e-05,51.57,"[6.472925451816991e-05, 9.695256449049339e-05, 6.527030927827582e-05, 8.9627479610499e-05, 0.00014836914488114417, 7.499090861529112e-05, 5.815826807520352e-05, 0.0001527694839751348, 7.04326230334118e-05, 7.481236389139667e-05]","[52.6, 51.9, 50.6, 52.9, 52.1, 52.6, 49.3, 52.2, 51.6, 49.9]"
